Word,Count
/,938
the,434
</summary>,294
<summary>,292
to,259
=,239
code,238
------------------------------------------------------------------------------,238
if,229
and,176
a,170
is,168
{,166
},153
this,145
was,136
file,135
be,134
by,130
will,129
This,122
tool,121
generated,120
behavior,119
lost,119
incorrect,119
</auto-generated>,119
cause,119
Changes,119
Runtime,119
regenerated,119
may,119
<auto-generated>,119
InitializeComponent,111
for,80
Version:4.0.30319.18063,77
public,67
string,66
1,61
new,56
2,55
in,50
of,45
on,45
3,42
return,36
from,32
characters,32
4,30
data,27
resource,27
are,26
set,26
Version:4.0.30319.269,26
server,26
+,26
not,25
name,25
with,24
bool,23
==,23
-,23
var,23
<param,23
assembly,22
private,21
or,21
//,21
value,20
void,20
get;,20
set;,20
it,19
all,19
{0},19
int,18
true;,18
false;,18
else,17
script,17
using,17
>,17
i,17
ActionStatus,16
class,16
an,15
\"\\,15
found,15
as,14
try,14
replaced,14
\<,\,14
\&,\,14
\&amp;,\,14
\&gt;,\,14
-The,14
respectively,14
\&lt;,\,14
res,14
then,14
special,14
we,13
encode,13
that,13
you,13
Enums.Status.Pass;,13
when,13
type,12
Version,12
test,12
5,12
attribute,12
break;,12
Gets,12
variable,12
command,12
can,12
action,12
true,12
get,11
no,11
which,11
current,11
start,11
information,11
case,11
status,10
following,10
:,10
Get,10
target,10
\{0}"\,\,10
index,10
Status,10
logic,10
entity,10
step,10
holds,10
message,10
speed,9
If,9
suite,9
time,9
!=,9
Revision,8
wait,8
\"\option\,8
\{1}"\,\,8
property,8
your,8
ComVisible,8
6,8
need,8
Build,8
copy,8
[assembly:,8
retVal,8
Interaction,8
only,8
row,8
list,8
Port,8
values,8
specific,7
messages,7
here,7
element,7
display,7
send,7
<,7
log,7
});,7
0;,7
Info,7
(int,7
Host,7
The,7
Sleep,7
i++),7
execute,7
before,7
Version:4.0.30319.239,7
up,7
\message,\,6
close,6
message));,6
add,6
Returns,6
\DateTime.Now,\,6
timer,6
Start,6
ClientMessage,6
+=,6
null),6
catch,6
message),6
save,6
result,6
move,6
connection,6
_loggerQueue.Enqueue(new,6
message);,6
has,6
COM,6
Time,6
next,6
end,6
static,6
label,6
ex),6
-1),6
ActionData,6
lable,6
create,6
update,6
root:ortech@192.168.1.3,6
project,6
response,6
retrieving,6
Singleton.Instance<ClientReportMailBox>().AddMsgToMailBox(new,6
Define,5
fix,5
Label,5
selected,5
(used,5
stream,5
dictionary,5
startPos,5
\"\"\;\,5
failed,5
execution,5
pause,5
setting,5
\-hostkey="\ssh-rsa\,5
s,5
System.DateTime.Now,5
\xx:xx:xx:xx:xx:xx:xx:xx:xx:xx:xx:xx:xx:xx:xx:xx"\\,5
hold,5
/command,5
\"\,\,5
item,5
VariableView,5
about,5
ShortName()));,5
each,5
Application,5
1024,5
reset,5
Version:4.0.30319.17929,5
//1,5
return;,5
saved,5
process,5
res;,5
\"\"\);\,5
should,5
inside,5
stop,5
(var,5
\"\exit"\\,5
winscp.com,5
Wait,5
after,5
You,5
source,5
method,5
RunProgramView,5
0,4
foreach,4
consists,4
always,4
while,4
blockLogWrite,4
types,4
below,4
starting,4
\,\,4
*,4
Point,4
_type,4
Setting,4
below:,4
Error,4
received,4
access,4
false,4
Entry,4
use,4
last,4
Number,4
located,4
makes,4
\LableObject(lable._actionData.LableName,\,4
default,4
activated,4
AboutWin,4
theme,4
Change,4
other,4
Value,4
shown,4
_actionData.Port));,4
server</param>,4
modify,4
via,4
localized,4
there,4
depands,4
exist,4
another,4
instance,4
dictionaries),4
listening,4
through,4
override,4
SleepView,4
passes,4
\CommonHelper.AddToLogFile(LogFileName,\,4
these,4
LoopCount,4
one,4
Designer,4
\AssemblyVersion("\1.0.*"\)]\,4
escape,4
visible,4
specify,4
filter,4
client,4
LableName,4
Major,4
ProcessStartInfo,4
_actionData,4
0),4
motor,4
Minor,4
Data,4
specified,4
out,4
version,4
INITIAL_PATH,4
count,4
10,4
Information,4
\"\FF\,4
General,4
endPos,4
Enums.Status.Fail;,4
length,4
\Dictionary<string,\,4
finish,4
About,4
remove,4
\_lableList.Add(lable._actionData.LableName,\,4
application,4
where,4
'*',4
controlled,4
LableIndex1,4
\found,\,4
line,4
\"\"\);//removes\,4
tmpString,4
components,4
1px;,4
associated,4
&,4
ResGen,4
attributes,4
returns,4
\page,\,4
confirm,4
ActionType,4
values:,4
strings,4
input,4
Numbers,4
exit,4
App,4
\name="\Message"\>The\,4
\COM,\,4
failures,4
four,4
CreateDelegate,3
border-width:,3
called,3
Com,3
count;,3
cycles,3
ex.ToString();,3
Stop,3
see,3
order,3
entities,3
sent,3
proces,3
them,3
SqlitView,3
session,3
\/home2"\\,3
adding,3
catch(Exception,3
MotorControlerView,3
_script.Status,3
Name,3
report,3
otherwise,3
do,3
//2,3
batch,3
activate,3
\AutoApp.Logger.WriteInfoLog(string.Format("\Starting\,3
border-color:,3
ScriptObj,3
been,3
PingView,3
buttons,3
FileView,3
//if,3
int.Parse(Singleton.Instance<SavedData>().GetVariableData(lable._actionData.Loops))));,3
match,3
System.Threading.ManualResetEvent(false).WaitOne(1000);,3
t1,3
_conn,3
ResetLog(),3
configured,3
RelayControlView,3
text,3
StepEntity,3
GetPropertyValue,3
==============================,3
_actionData.Host));,3
switch,3
group,3
singleton,3
run,3
AutoItUI,3
AddEventHandler,3
\logger.Log(LogLevel.Info,\,3
\sender,\,3
flow,3
recived,3
since,3
sub,3
Hr80PSView,3
link,3
its,3
assign,3
List<string>();,3
parameters,3
Action,3
TargetVar,3
(s.Action.TypeId,3
t2,3
delimited,3
dialog,3
\XmlDocument,\,3
callback,3
DateTimeView,3
SetPropertyValue,3
have,3
\off"\\,3
ListActionView,3
A,3
GeneratedInternalTypeHelper,3
event,3
Now,3
elements,3
/},3
scripts,3
color,3
detect,3
Waits,3
Singleton.Instance<ActionHandler>().Flowhandler.ActiveScriptEntity,3
serializer,3
used,3
<returns>The,3
\binary"\\,3
LableView,3
Only,3
Sends,3
appears,3
any,3
does,3
Execution,3
than,3
Passed,3
between,3
Check,3
cycle,3
some,3
e),3
<typeparam,3
Table,3
\process,\,3
Clears,3
transfer,3
building,3
Server,3
deleted,3
go,3
reading,3
XmlLayoutSerializer(myDock);,3
box,3
active,3
Console.ReadLine();,3
host,3
Enums.Status.Fail),3
already,3
port,3
name='{0}',3
isReading,3
(Exception,3
for</param>,3
equals,3
AutoLunchToolBar,3
CreateInstance,3
/table.imagetable,3
XML,3
first,3
Set,3
01,3
=================,3
driver,3
ElapsedEventArgs,2
type;,2
CurrentUICulture,2
//Returns,2
logfile;,2
tse.Name));,2
7.5;,2
.,2
_logFileName;,2
round,2
Test,2
\Abort"\\,2
UICulture,2
until,2
passed,2
/str,2
Studio,2
ignored,2
SystemView,2
====>,2
~1.04,2
number,2
\NeutralResourcesLanguage("\en-US"\,\,2
Looks,2
SshView,2
Version:4.0.30319.18052,2
LableList[_actionData.LableName].LoopCount,2
high,2
host.Close();,2
\"\PauseStopOrContinueAction"\\,2
textToSend);,2
ID,2
13mm),2
In,2
changed,2
ActionData(),2
\SSHConnection.Connect(_conParam,\,2
per,2
content,2
\controlID,\,2
title,2
once,2
\autoit.ControlSend(windowTitle,\,2
uncomment,2
DataGrid,2
LO,2
Then,2
_ReadBuffer.Start();,2
.ResX,2
ConditionView,2
segment),2
(on,2
updating,2
Password);,2
Update,2
cant,2
_script.Entities.Count;,2
\writer.WriteElementString("\Enable"\,\,2
Enums.Status.NoN;,2
en-US,2
RunProgramView.xaml,2
empty,2
selectedStepEntity.Action.Details[0];,2
_blockWrite,2
_script.Entities[i];,2
\AutoApp.Logger.WritePassLog(string.Format("\Serial\,2
back,2
GUID,2
exposed,2
cached,2
Params,2
TimersView,2
verify,2
To,2
//it,2
rounds,2
#999999;,2
\string.Format("\=========\,2
ScriptView,2
window,2
actionData),2
Failure,2
actionData;,2
find</param>,2
Rs232View,2
lable),2
\_actionData.Port,\,2
Math.Round(length);,2
lookups,2
look,2
\applications,\,2
int.Parse(Singleton.Instance<SavedData>().GetVariableData(LableList[_actionData.LableName].LoopCountStr));,2
CommonHelper.DeleteFile(LogFileName);,2
13,2
StepEntitiesList,2
MidpointRounding.AwayFromZero);,2
SerachUserControl,2
\========="\,\,2
segment.Substring(startPos,2
\"\en-US"\\,2
\SshStream(Host,\,2
Close,2
coloring,2
Enable.ToString());,2
base(Enums.ActionTypeId.ServerComAction),2
For,2
could,2
struct,2
strFullLog,2
handler,2
Visual,2
\captureStandardOutput='false']"\,\,2
volt,2
TelnetView,2
string.Empty;,2
\(ActionType)Enum.Parse(typeof(ActionType),\,2
Status.ToString()));,2
limiter,2
data);,2
etc,2
Enums.ActionTypeId.Lable),2
clean,2
parameter),2
All,2
ABC,2
Add,2
reader.BlockLogWrite,2
{1},2
strongly,2
lower,2
containers,2
NeutralResourceLanguage,2
disable,2
Version:4.0.30319.18034,2
movement,2
border-style:,2
-1;,2
\"\http://localhost:2090/ServerCommunication"\\,2
connect,2
zero,2
UserName,2
carriage,2
ICommand,2
typelib,2
\server,\,2
Details.Add(type.ToString());,2
exchange,2
(res),2
11,2
startString,2
MainWindow,2
\AutoApp.Logger.WritePassLog(string.Format("\Found\,2
solid;,2
\class,\,2
\otherwise,\,2
operationCmb.Text);,2
ServiceHost,2
timeout,2
default:,2
telnet,2
\Details[1],\,2
strongly-typed,2
(endPos,2
gets,2
edit,2
\WSHttpBinding(),\,2
generic,2
open,2
goto,2
endpoint,2
14,2
LOW,2
tmpString;,2
Constructor,2
nothing,2
null,2
FileHandler.ExtructScriptFromFile(_actionData.Name);,2
Enums.ActionTypeId.Sleep),2
7,2
xml,2
\reader,\,2
scanning,2
description,2
Executing,2
operationCmb.Text,2
loop,2
padding:,2
...Change,2
MessageView,2
break,2
\Pass,Fail,Skipped\,2
appends,2
commands,2
ssh,2
reader.ReadInnerXml();,2
entity),2
LogFileName,2
\app,\,2
TextManipulationView,2
Singleton.Instance<SavedData>().TelnetCommunications.Remove(_actionData.Host);,2
TestSuite,2
looking,2
172.16.7.184,2
type.</typeparam>,2
Overrides,2
SftpView,2
searchfiles,2
want,2
============================================================================================================,2
<returns>True,2
.csproj,2
Finished,2
implemented,2
Suite,2
Selection,2
rows,2
\Math.Round(3.445,\,2
service,2
_type;,2
s.Close();,2
3.45,2
so,2
_actionData.TargetVar));,2
activating,2
12,2
stepEntetiesCount,2
UltimateResourceFallbackLocation.Satellite)],2
<PropertyGroup>,2
rerun,2
timeout--;,2
\name='{0}']"\,\,2
just,2
_actionData;,2
\00"\\,2
protection,2
resulting,2
enum,2
\exist"\,\,2
OFF,2
can't,2
};,2
_lableList;,2
Report,2
base(Enums.ActionTypeId.ScriptExecute),2
Launch,2
\01"\\,2
sometimes,2
chanel,2
255,2
Details[0]);,2
stay,2
DateTime.Now;,2
\"\"\,\,2
button,2
future,2
WayneSimView,2
Control,2
\0,\,2
\files,\,2
output,2
typed,2
LabelAction.ActionType.Create),2
labels,2
_ReadBuffer.Stop();,2
referance,2
ResourceManager,2
Connect(),2
Incoming,2
\option,\,2
action),2
\host.AddServiceEndpoint(typeof(ICommunication),\,2
(_script.Status,2
SwitchView,2
\Name,\,2
Thread.Sleep(200);,2
clear,2
\example,\,2
(startPos,2
\AutoApp.Logger.WriteFailLog(string.Format("\Lable\,2
Timeout,2
enable,2
retVal;,2
Execute(),2
mm,2
dispose,2
navigation,2
error,2
ServerComView,2
touching,2
reader,2
!aaMMddddd(cr),2
\name="\propertyName"\>Property\,2
english,2
DATA,2
Create,2
auto-generated,2
Enable,2
at,2
variables,2
s);,2
AutoApp.Logger.WriteInfoLog(,2
\fails,\,2
_actionData.Name));,2
VS,2
08,2
ClockWin,2
US,2
endString,2
9,2
retString,2
\LoggerMessage(LogLevel.Info,\,2
true);,2
EmailView,2
\2,\,2
serverCommand,2
product's,2
DictionaryActionView,2
<UICulture>,2
valueTxb.Text,2
\member,\,2
,2
delay,2
<summary>Finds,2
Enums.Status.Skipped,2
\strings,\,2
Construct(),2
full,2
localizable,2
_LogMessagesTimer.Start();,2
rebuild,2
======================================================================,2
click,2
\type,\,2
tests,2
ActionBase,2
<UICulture>CultureYouAreCodingWith</UICulture>,2
Enums.Status.Pass,2
Connect();,2
TableView,2
StronglyTypedResourceBuilder,2
like,2
//{,2
(100,2
Service,2
thread's,2
\UserName,\,2
\name="\WaitFor"\>The\,2
GoTo,2
Script,2
times,2
SettingsWindow,2
/on,2
currently,2
(the,2
SettingsView,2
Password,2
stepEntetiesCount;,2
fileName);,2
\"\\r\n"\;\,2
dictionaries,2
both,2
\first,\,2
Singleton.Instance<ActionHandler>().Flowhandler,2
8,2
Singleton.Instance<SaveData>().Test.Entities.RemoveAt(model.SelectedTestEntitiesIndex);,2
\ready,\,2
protected,2
low,2
metadata,2
ON,2
AutoApp.Logger.WriteFatalLog(ex.ToString());,2
user,2
stepentities,2
\enabled,\,2
begin,2
Singleton.Instance<ActionHandler>().ActiveScript.Entities),1
Encoding.Default);,1
\config.AppSettings.Settings["\StartupScript"\].Value;\,1
lastLayout;,1
function,1
gust,1
greater,1
cmd,1
GetData(),1
value</param>,1
conditions,1
GetObject().Connect();,1
(step,1
trying,1
similar,1
System.Threading.ManualResetEvent(false).WaitOne(5000);,1
bytes,1
\/WebInstall.log"\\,1
\AutoApp.Logger.WriteFailLog(string.Format("\Label\,1
LableList,1
FlowHandler(),1
\AutoApp.Logger.WriteWarningLog(string.Format("\File\,1
host;,1
(operationCmb.Text,1
ToDo,1
_loggerQueue.TryDequeue(out,1
\follows,\,1
Enums.Status.Skipped;,1
\AutoApp.Logger.WritePassLog(string.Format("\Reset\,1
fields,1
dataGrid.Items.Refresh();,1
saving,1
successful</returns>,1
_loggerQueue;,1
SCRIPT_PATH,1
Try,1
UpdateLables();,1
this;//setting,1
fileExist,1
sure,1
generate,1
server.AcceptSocket(),1
!00280008000(cr),1
processing,1
expand,1
\//ssh.Write("\"\);//sending\,1
Down,1
settings,1
_LogMessagesTimer=,1
SVN,1
s.Execute();,1
charcters,1
AutoApp.Logger.WriteFatalLog(ex.Message);,1
scroll,1
find,1
ExpandSubContainers(ScriptsTreeView);,1
\logger.Log(msg.Level,\,1
testEntity.Comment,1
un,1
SUITE_PATH,1
(!string.IsNullOrEmpty(_actionData.TargetVar)),1
Decode,1
data1,1
AutomationClient.ModuleHelper.WindowFactory(AutomationCommon.Enums.ActionTypeId.Non).ShowDialog();,1
Encoding.Unicode);,1
WPFAboutBox1,1
model.CopyTestEntities.Clear();,1
ActionType.GetServerStatus:,1
ActionType.Dissconnect:,1
(((LabelAction)s.Action)._type,1
\SendCommand("\"\);\,1
EIGHT,1
!!!!!,1
Timer,1
Translate,1
persantage,1
\AutoApp.Logger.WriteInfoLog("\Telnet\,1
hover,1
char,1
steps,1
\"\Canceled!"\;\,1
(ServiceHost,1
!00301,1
\"\{Old\,1
GetObject().GetRecivedDate();,1
activateWcfServer,1
seep,1
limit,1
System.Text.Encoding.UTF8;,1
\command,string\,1
(Singleton.Instance<ActionHandler>().Flowhandler.ActivateGoTo()),1
RemoveObject();,1
matched</returns>,1
vas,1
\string.Format("\Sleep\,1
(_conn,1
desired,1
period,1
ahead),1
let's,1
Singleton.Instance<SavedData>().Variables.Keys.ToList<string>();,1
Restart,1
Sec,1
variable);,1
key,1
GetValue(command);,1
seleted,1
(s,1
_serialPort.Encoding,1
\LoggerMessage(LogLevel.Fatal,\,1
condition,1
_ReadBuffer.Interval,1
//},1
\"\Clear\,1
IVariableData>,1
IPHostEntry,1
Thread.Sleep(100);,1
_sourceVar,1
_conn=null;,1
(Singleton.Instance<SavedData>().TelnetCommunications.ContainsKey(_actionData.Host)),1
\StreamReader(fileName,\,1
Params1,1
\LogManager.Configuration.FindTargetByName("\file"\)\,1
\name="\T"\>the\,1
<c>T</c>,1
data[2]-,1
(Singleton.Instance<ActionHandler>().Flowhandler.FindLableIndex(LableName)),1
automatically,1
\title,\,1
IPAddress[],1
LableList[_actionData.LableName].CurrentLoopCount++;,1
duplicate,1
\AutoApp.Logger.WriteInfoLog(string.Format("\##teamcity[testSuiteFinished\,1
DisConnect(),1
GetLastExecutionStatus();,1
&&,1
\SendCommandToServer(ServerComActionOld.ActionType.GetServerStatus,null);\,1
\AutoApp.Logger.WriteInfoLog(string.Format("\Appending\,1
(testDataGrid.SelectedItems.Count,1
procStartInfo.RedirectStandardOutput,1
attribute.</param>,1
show,1
comment,1
\"\>"\);//encode\,1
\CleanDisplay(Encoding.ASCII.GetString(m_byBuff,\,1
Details.Add(_actionData.Name);,1
down,1
found</param>,1
\StreamReader("\c:\\avdocLayout.xml"\))\,1
loopCount;,1
child,1
away,1
headers..etc.,1
serializer.Serialize(sw);,1
Disable,1
\Warn,\,1
detail,1
(command.Contains(ServerComAction.ActionType.GetServerStatus.ToString())),1
application's,1
lable.LableList,1
\AutoApp.Logger.WriteInfoLog("\Closing\,1
fileName,1
(Singleton.Instance<SavedData>().Variables.ContainsKey(_actionData.Target)),1
String}~{New,1
data[0]-,1
Write,1
uri,1
stopOrSkip,1
tear,1
-c:true,1
found.</returns>,1
\"\\\Logs"\;\,1
LogManager.GetCurrentClassLogger();,1
retrieve.</param>,1
XmlAttribute,1
params,1
\"\\\Scripts"\;\,1
documents,1
\AutoLunch"\);\,1
(handler.ActiveTestSuite.Entities.Count,1
\AutoApp.Logger.WritePassLog("\Finished\,1
hyperlink,1
(suppres,1
scripts),1
System.Drawing.Bitmap,1
styling,1
Params9,1
addr,1
[],1
\name="\parms"\></param>\,1
Remove,1
s;,1
Lable,1
ExecuteSuite,1
field,1
SettingsWindow.xaml,1
file));,1
\Activated,\,1
commands:,1
serializer.Deserialize(stream);,1
\CommonHelper.ExtructValueBetween("\{"\,\,1
SshObj1(string,1
\Dissconnect,\,1
enabled,1
\c:\WebInstall.log"\\,1
newString);,1
\"\\r"\);\,1
Continuous!!,1
host.Open();,1
ExecuteSuite(command);,1
up/down,1
font-size:42px;,1
null;,1
\attribute,\,1
procedure,1
(not,1
company,1
Process.Start(new,1
=new,1
sr,1
font-family:,1
based),1
\StreamReader(filename,\,1
\name="\DataToWaitFor"\>The\,1
program,1
\AutoApp.Logger.WriteWarningLog(string.Format("\Action\,1
((SleepAction)step.Action).GetRemainingDuration());,1
created,1
\"\cmd"\\,1
\command"\,command));\,1
define,1
data.db,1
(command.Contains(ServerComAction.ActionType.ExecuteSuite.ToString())),1
\segment.IndexOf(endString,\,1
\"\&"\).Replace("\&lt;"\,\,1
relay,1
(stopOrSkip),1
startPos);,1
everything,1
ActiveScriptEntity.Script.Entities[i];,1
(comma,1
10000),1
directly,1
key),1
\SetAcceleration,\,1
GetObject(),1
ScriptActionOld(),1
become,1
background:#AAAAAA;,1
(_resetLog),1
Reset,1
td,1
\AutoApp.Logger.WriteFailLog(string.Format("\Failed\,1
less,1
=XmlReader.Create(new,1
(handler.IsActive),1
Singleton.Instance<ActionHandler>().StopSkipOrContinueOnFail(en.Action.ActionStatus);,1
\((variable.Contains("\{"\))\,1
\"\rmdir\,1
devices,1
Loop,1
multiple,1
\name="\xpathQuery"\>An\,1
literal,1
(!blockLogWrite),1
\startString,\,1
/h1,1
change,1
GetRunningStatus();,1
\portTxb.Text,\,1
over,1
~ScriptingTelnet(),1
ServerComAction.ActionData(),1
sent</returns>,1
\Action"\);\,1
(can,1
T,1
upon,1
\CommonHelper.AppandStringToFile(string.Format("\=======\,1
HELPERS,1
retString;,1
\name="\DataToWaitFor"\>A\,1
Once,1
actions,1
configuration,1
loopCount),1
_logFileName,1
xaml,1
ConcurrentQueue<LoggerMessage>();,1
(closeOnFinish),1
+System.DateTime.Now.ToString(),1
\password,string\,1
return</param>,1
Disconnect();,1
-header,1
1));,1
\{0},Loop\,1
short,1
strategy,1
target.FileName,1
\CommonHelper.AppandStringToFile(InternalVariables[varName].GetValue(),\,1
\"\\r\nSENDING\,1
---new,1
job,1
fails</returns>,1
into,1
((System.Windows.FrameworkElement)(((System.Windows.Controls.ContentControl)(sender)).Content)).DataContext;,1
decimal.Parse(delay),1
procStartInfo.UseShellExecute,1
met,1
model.CopyStepEntities.Clear();,1
instance.</returns>,1
(proc.HasExited),1
lable._actionData.Loops));,1
\name="\xpathQuery"\>XPath\,1
DoSend(Message,1
folders,1
collapse;,1
Singleton.Instance<FlowHandler>().ActiveScriptEntity,1
\(HelperClass.ShowQuestionMessageBox("\Script\,1
Enums.Status.NoN),1
pass,1
i));,1
LableObj,1
1;,1
Disconnect,1
optional,1
_action(parameter);,1
port's,1
events,1
LoggerTimer_Elapsed(object,1
XmlDataProvider,1
_actionData.SourceVar));,1
\port..."\);\,1
FIRST,1
testEntity,1
\smk.Length,\,1
our,1
Singleton.Instance<SavedData>().Variables[_actionData.TargetVar].SetValue(GetObject().GetAndClearDate());,1
VOLT,1
sb.ToString();,1
RestartExecution,1
\c:\dell\"\\,1
res));,1
(scripts,1
List<string>,1
event.</param>,1
//_ReadBuffer.Start();,1
msg.Message);,1
\name="\ReturnIfNotFound"\>The\,1
NLog;,1
8px;,1
failure,1
\"\}"\,\,1
//else,1
selecting,1
beginning,1
socket,1
Singleton.Instance<SavedData>().Variables[_actionData.TargetVar].SetValue(GetSerialObject().GetData());,1
(Dependency,1
SelectedSuiteName,1
RESPOND,1
(!res),1
(step.Action.TypeId,1
Copy,1
_LogMessagesTimer.Stop();,1
ActionType.GetLastExecutionStatus:,1
node,1
steps),1
\host,\,1
SocketFlags.None);,1
\name="\BreakCharacters"\>The\,1
Display,1
Singleton.Instance<ActionHandler>().Flowhandler.LableIndex,1
////On,1
(variables),1
\Connect,\,1
GetLogFileName(),1
reader.ReadToEnd();,1
_recivedDate[0];,1
\string.Format("\##teamcity[testStarted\,1
FindFiles(string,1
ServerComActionOld(),1
\Console.WriteLine("\SENDING\,1
NOT,1
TearDown,1
Application.Exit();,1
Main,1
\"\Text\,1
rootFolder),1
lastLayout,1
Singleton.Instance<ActionHandler>().Flowhandler.FindLableIndex(en.OnFailureLabel);,1
\Name"\)\,1
WriteSkipLog(string,1
ascii,1
Details.Add(_actionData.Value);,1
_tcpListen;,1
\SavedData.VariableData(Details[4],\,1
WayneSim,1
\Encoding.GetEncoding("\ISO-8859-9"\))))\,1
folder,1
///,1
Enums.Status.Pass),1
needs,1
\"\Type\,1
\script"\))\,1
_script.EndTime,1
FileHandler.ExtructScriptFromFile(Singleton.Instance<AppSettings>().TearDownScript);,1
\AutoApp.Logger.WriteInfoLog("\Shutting\,1
Summary,1
Skipping,1
Details.Add(_actionData.TargetVar);//4,1
\Add"\,\,1
name),1
Something,1
\"\cd\,1
\Details[3],\,1
msec,1
adds,1
\s.Send(smk);//,\,1
data1.Add(myString);,1
\_conn.Disconnect("\bye"\);\,1
StringWriter(sb)),1
TcpListenerObj,1
administrator,1
lengthTxb.IsEnabled,1
\happened"\);\,1
Acceleration/Deceleration,1
t;,1
\ExecuteSuite,\,1
\_type,\,1
extention,1
\AutoApp.Logger.WriteFailLog(string.Format("\Server\,1
\-Process,User,Machine\,1
s.Disconnect(false);,1
\(sRecieved.IndexOf("\[c"\)\,1
copyright,1
th,1
(((AutomationServer.StepEntity)(action)).Action).TypeId;,1
turns,1
en.OnFailureLabel));,1
arial;,1
instance.</param>,1
command),1
System.Text.Encoding.ASCII;,1
handler.StopBwExecution();,1
color:#333333;,1
_script;,1
\(ServerComAction.ActionType)Enum.Parse(typeof(ServerComAction.ActionType),\,1
example),1
Negotiate(1);,1
\name,string\,1
segment.IndexOf(title);,1
\"\Disconnected"\,\,1
StreamReader,1
\AutoApp.Logger.WriteInfoLog(string.Format("\Sending\,1
TEST_PATH,1
BreakPoint,1
tid,1
Raised,1
StringSplitOptions.RemoveEmptyEntries)),1
StepEntity(action);,1
two,1
duration,1
wasn't,1
Details.Add(_actionData.Host);,1
ActionType.ExecuteSuite:,1
_timer_Elapsed(object,1
designated,1
1000;,1
sRecieved,1
we're,1
acceleration,1
_action;,1
=============,1
retrieved.</returns>,1
100,1
\_actionData.LableName,\,1
tree,1
#0066CC;,1
sock.Shutdown(SocketShutdown.Both);,1
-l:1,1
\String}"\;\,1
(timeout,1
numbers,1
ActiveScriptEntity.Script.Entities.Count;,1
files,1
don't,1
\exist"\);\,1
ActionType.CopyList:,1
_loggerQueue,1
\GetServerStatus,\,1
sock.RemoteEndPoint,1
testEntity.Enable,1
\StreamReader(fineName,\,1
App.xaml,1
iteration,1
ssh;,1
Exception(ex.Message);,1
ConcurrentQueue<LoggerMessage>,1
LableIndex));,1
\tmpEntityName.Replace("\&amp;"\,\,1
did,1
\run,\,1
(Singleton.Instance<ActionHandler>().Flowhandler.FindLableIndex(_actionData.LableName)),1
!aa30a(cr),1
probably,1
color:#000,1
\ProcessStartInfo(AutoApp.Settings.ApplicationDirectory+"\\\AutomationServer.exe"\));\,1
performing,1
(LabelAction)s.Action;,1
FileTarget;,1
strs,1
ActiveScriptEntity1,1
\AutoApp.Logger.WriteInfoLog(string.Format("\Target\,1
same,1
>roi.csv,1
en.Action.ActionStatus;,1
counter,1
arguments.</param>,1
also,1
make,1
\false,\,1
SetLogFileName(string,1
Implementation,1
_lableList,1
\SocketOptionName.ReuseAddress,\,1
Singleton.Instance<SaveData>().Script.Entities;,1
(Singleton.Instance<ActionHandler>().PauseStopOrContinueAction())//on,1
WriteInfoLog(string,1
Enter,1
}//3,1
tells,1
(sleep,1
\username,\,1
document,1
\name="\name"\>The\,1
takes,1
\hostCmb.Text,\,1
((SleepAction)s.Action).StopSleep();,1
contains,1
\s.SetSocketOption(SocketOptionLevel.Socket,\,1
-s:temp.tsu,1
int.Parse(loopCountStr);,1
testDataGrid.SelectedItems[i],1
suite),1
\AutoApp.Logger.WriteInfoLog("\Starting\,1
LableObj>,1
\modules"\);\,1
(command.Contains(ServerComAction.ActionType.GetLastExecutionStatus.ToString())),1
oldList),1
WritePassLog(string,1
NLog.Targets;,1
string[],1
\name="\EndingString"\>The\,1
ActiveScriptEntity,1
privileges,1
returned,1
(timeout<0),1
sends,1
\"\get\,1
RelayCommand,1
Regex(_searchString).Matches(_soureString).Count;,1
/home2/WebInstall.log,1
Step,1
type=&quot;text/css&quot;&gt;,1
//validate,1
isControllerRestarts,1
\"\<"\).Replace("\&gt;"\,\,1
Singleton.Instance<SaveData>().AddStepEntity(entity);,1
\varName),\,1
FindLableIndex1(string,1
Singleton.Instance<SavedData>().GetVariableData(_actionData.Host);,1
receive,1
appending,1
Driver,1
\name="\getNewInstance"\>The\,1
with</param>,1
Designer.xaml,1
Sleep();,1
working,1
_ReadBuffer,1
//Thread.Sleep(5000);,1
(Singleton.Instance<SavedData>().Variables.ContainsKey(_actionData.TargetVar)),1
entity.Comment,1
because,1
\(sb.ToString().Contains("\_Load\,1
ExtructValueBetween(string,1
\MessageBox.Show("\ERROR\,1
DI,1
good,1
_actionData.Result),1
\Fatal,\,1
\"\\\Suites"\;\,1
System.Threading.ManualResetEvent(false).WaitOne(2000);,1
editing,1
object,1
System.Threading.ManualResetEvent(false).WaitOne((int)msec);,1
starts,1
\Encoding.GetEncoding("\iso-8859-1"\);\,1
ObservableCollection<StepEntity>();,1
(ActionStatus,1
previous,1
supports,1
header,1
(ssh,1
ListView,1
System.Threading.ManualResetEvent(false).WaitOne(200);,1
_LogMessagesTimer.Elapsed,1
//should,1
FileTarget,1
startup,1
generating,1
Shutdown,1
info,1
clsScriptingTelnet,1
\name="\e"\>Navigation\,1
Handles,1
saveBtn_Click(object,1
append,1
#endregion,1
clearing,1
\{0}"\,_actionData.Name));\,1
defiles,1
RelayCommand(Action<object>,1
LableObject>,1
Console.WriteLine(result);,1
CanExecuteChanged;,1
value),1
\CommonHelper.AddToLogFile(reader.LogFileName,\,1
\OPTIONS"\);\,1
\input.Replace("\[49;m"\,\,1
\name="\SuppressCarriageReturn"\>True\,1
29472);,1
Console.WriteLine(,1
======================,1
incoming,1
msg;,1
grid,1
\TestEntity(ExtructScriptFromFile(tmpEntityName),\,1
dgStepEntities.SelectedItems[i],1
\name="\sender"\>Object\,1
//4,1
Execute(object,1
oldList,1
Group,1
they,1
font-size:14px;,1
System.Environment.NewLine);,1
27,1
clients,1
Holds,1
Enums.Status.Info,1
\segment.IndexOf(System.Environment.NewLine,\,1
\AutoApp.Logger.WriteInfoLog("\AutoLunch\,1
(_type,1
GetOrCreateList(Singleton.Instance<SavedData>().GetVariableData(_actionData.Value));,1
WriteFatalLog(string,1
throw,1
-o:Continue,1
\LableName,\,1
<returns>Always,1
operations,1
\input.Replace("\[1;35m"\,\,1
\Script"\);\,1
Property,1
model,1
itself,1
ScriptActionOld,1
(en.Status,1
couldn't,1
\IPEndPoint(IPAddress.Parse(Host),\,1
Log,1
AutoApp.Logger.WriteFailLog(,1
60;,1
============,1
Timer(1000);//timer,1
treadStart.Abort();,1
SSHConnection,1
tmpEntityEnable;,1
ref,1
date,1
(isReading),1
Expand,1
Singleton.Instance<SavedData>().TelnetCommunications[_actionData.Host];,1
(lable._type,1
\TelnetClass(host,\,1
finishes,1
_action,1
Auto,1
(!string.IsNullOrEmpty(Singleton.Instance<AppSettings>().TearDownScript)),1
WCF,1
sqlite3.exe,1
Command:,1
==========================================================================================,1
(Singleton.Instance<ActionHandler>().Flowhandler.FindLableIndex(_actionData.Lable)),1
_script,1
\AutoApp.Logger.WritePassLog(string.Format("\Condition\,1
model.CopyTestEntities.Add(entity);,1
(((System.Windows.Controls.DataGridCell)(sender)).Column).Header.ToString();,1
encoding,1
delay));,1
<returns>All,1
Rs232ActionType.GetData:,1
System.ServiceModel.AddressAccessDeniedException,1
========================,1
action;,1
================,1
15,1
Singleton.Instance<ActionHandler>().Flowhandler.LableIndex;,1
sleep,1
\connection,\,1
\"\Substring"\\,1
\input.Replace("\[1;37m"\,\,1
\Cleared"\,\,1
segment,1
GetObject().GetAndClearDate();,1
callbackProc,1
(XmlReader,1
ActionType.Connect:,1
#32,1
'this',1
requests,1
SPEED,1
<returns>the,1
(!Singleton.Instance<SavedData>().TelnetCommunications.ContainsKey(_actionData.Host)),1
unless,1
\AutoApp.Logger.WriteFailLog(string.Format("\Serial\,1
en,1
ScriptActionOld(ActionType,1
param.</param>,1
non,1
(before,1
XPath,1
i;,1
ElapsedEventHandler(_timer_Elapsed);,1
False,1
\property,\,1
capturing,1
_script.StartTime,1
dialogs,1
(true),1
passing,1
GetValue,1
ServerComActionOld(ActionType,1
Send,1
automatic,1
listen,1
\AutoApp.Logger.WriteWarningLog("\Condition\,1
\title.Length,\,1
\Console.WriteLine("\Sent:\,1
Message.ToUpper());,1
Execute,1
closing,1
activity,1
(dgStepEntities.SelectedItems.Count,1
executing,1
\+"\\,1
XmlDataProvider's,1
CommonHelper.DeleteFile(reader.LogFileName);,1
Singleton.Instance<SavedData>().Variables[_actionData.Target].SetValue(res.ToString());,1
injection),1
\"\:"\\,1
_loggerQueue.Count;,1
tmpEntityName);,1
validation,1
!aa40a(cr),1
StartupScript,1
UpdateLables(),1
name);,1
ActionType.GetValue:,1
//protection,1
data=string.Empty;,1
separated),1
Rs232ActionType.ExportData:,1
<returns>Returns,1
options,1
handler.Excute();,1
\scriptName.IndexOf("\."\));\,1
ProgressPercentage,1
test.Entities.Add(testEntity);,1
#16,1
AppDomain.CurrentDomain.BaseDirectory+,1
WriteFailLog(string,1
en.Status,1
1;//decrement,1
Execute1(),1
\0"\))\,1
personal,1
\========"\,\,1
init,1
\AutoApp.Logger.WriteInfoLog(string.Format("\GoTo\,1
StringBuilder();,1
\LoggerMessage(LogLevel.Error,\,1
instances,1
resources,1
10;,1
Important,1
\name="\parent"\>Parent\,1
listObj.Add(item);,1
serial,1
SshStream,1
Logger,1
(now,1
;,1
TcpListenerObj(2222);,1
\Details[2],\,1
\_actionData.Lable,\,1
\(res.ToLower().Contains("\exit"\))\,1
\logger.Log(LogLevel.Fatal,\,1
setup,1
recieved,1
#region,1
nBytesRec));,1
lableName;,1
LableObj(string,1
\AutoApp.Logger.WritePassLog(string.Format("\Server\,1
_tcpListen,1
\name="\T"\>Attribute\,1
ssh.RemoveTerminalEmulationCharacters,1
starts),1
=============================================================================,1
releasing,1
GetObject().SendMessage(serverCommand);,1
Message.ToUpper(),1
\_conn.ListenForwardedPort("\0.0.0.0"\,\,1
myDock.Layout.ActiveContent,1
\_action("\\,1
IPHost,1
truncated]&quot;;,1
null;//reseting,1
(!string.IsNullOrEmpty(value)),1
(script/test/suite),1
reader.Close();,1
(header,1
\LoggerMessage(LogLevel.Warn,\,1
\AutoApp.Logger.WriteSkipLog(string.Format("\Skipping\,1
data[1]-,1
Enums.Status.Exception,1
view,1
\e,\,1
reflection,1
-1,1
read,1
handler.ActiveTestSuite.Entities.Clear();,1
\name="\StartingString"\>The\,1
System.Timers.Timer,1
ActivateGoTo1(),1
\SendCommandToServer(ServerComActionOld.ActionType.GetLastExecutionStatus,null);\,1
SleepView.xaml,1
(Singleton.Instance<SavedData>().Variables[_actionData.SourceVar].GetValue(),1
lable;,1
_actionData.Value);,1
SshObj1,1
s.Connect(new,1
Internal,1
Searches,1
interpret,1
(Status,1
must,1
bubbling,1
reply,1
LableObject>();,1
model.CopyStepEntities.Add(entity);,1
(((AutomationServer.StepEntity)(action)));,1
LMT,1
\"\Error:\,1
parent,1
);,1
Save,1
\scriptName.Substring(0,\,1
MainTabControl.SelectedIndex,1
\met,continuing\,1
System.Timers.Timer();//timer,1
\(.txt)|*.txt"\;\,1
\transactions"\;\,1
enables,1
Overflow,1
TelnetClass,1
IPHost.AddressList;,1
(hidden,1
SelectedStepEntityIndex,1
//only,1
isGreater,1
Enums.Status.Warning,1
Dns.GetHostEntry(hostIPAddress);,1
\step"\);\,1
table,1
used),1
several,1
\"\Done!"\;\,1
logFileName;//set,1
(!string.IsNullOrEmpty(data)),1
\AutoApp.Logger.WriteWarningLog("\Action\,1
proxy,1
(en.Enable),1
listObj.Clear();,1
Details[4],1
\valueTxb.Text,\,1
\escaped,\,1
border-collapse:,1
\AutoApp.Logger.WriteInfoLog(string.Format("\Finished\,1
\10000,\,1
Negotiate(2);,1
(command.Contains(ServerComAction.ActionType.GetValue.ToString())),1
writing,1
sw,1
arrows,1
1);,1
GetObject().Disconnect();,1
AutoApp.Logger.WriteInfoLog(string.Format(,1
\SendCommandToServer(ServerComActionOld.ActionType.GetValue,_actionData.Value);\,1
data.Split(new,1
\"\SELECT\,1
(StringWriter,1
completion,1
AutoLogger,1
(((LabelAction)s.Action)._actionData.LableName,1
username;,1
Environment.NewLine,1
CanExecute(object,1
(_type),1
LOG_PATH,1
ASCII,1
Enums.Status.Fail,1
Singleton.Instance<SavedData>().ReleaseAll();,1
Instance,1
\_actionData.Target,\,1
========================================================,1
product,1
[rest,1
Less,1
DesignerViewModel();,1
LoggerMessage,1
ones),1
\lableName,\,1
testGroup,1
&lt;style,1
\seconds"\,\,1
startString.Length);,1
22));,1
\worked,\,1
en.Execute();//execute,1
\activated,\,1
password;,1
segment.IndexOf(startString);,1
blocking,1
LableList[_actionData.LableName].CurrentLoopCount.ToString()));,1
\input.Replace("\[1;33m"\,\,1
\name="\T"\>The\,1
AutoLogger(),1
_textActionData.Value.Split('~');,1
ElapsedEventHandler(LoggerTimer_Elapsed);,1
logFileName),1
\value,\,1
ServiceHost(typeof(AutomationServer.ServerCommunication))),1
Singleton.Instance<ActionHandler>().ActiveStep;,1
Message,1
\"\version='1.0'\,1
value;,1
ServerComActionOld,1
StepEntity;,1
(!string.IsNullOrEmpty(en.OnFailureLabel)),1
supported),1
dialog.</param>,1
Members,1
\Singleton.Instance<ActionHandler>().Flowhandler.LableIndex,\,1
(currently,1
1200,1
HasFinished,1
\Singleton.Instance<SavedData>().TelnetCommunications.Add(_actionData.Host,\,1
!aa3DD(cr),1
title.Length);,1
model.SelectedStepEntity,1
\AssemblyFileVersion("\1.0.0.0"\)]\,1
check,1
SGA,1
RunProgram,1
Singleton.Instance<SavedData>().UpdateParams(_actionData.Params);,1
RoutedEventArgs,1
/c,1
IN,1
\GetLastExecutionStatus,\,1
(_script,1
\"\rm\,1
\"\LogFile\,1
(secureCRT),1
Details.Add(variableData.GetValue());//5,1
(Singleton.Instance<SavedData>().Variables.ContainsKey(_actionData.SourceVar)),1
auto,1
fileName));,1
inner,1
CurrentLoopCount,1
\,jump\,1
tmpEntityName=,1
testing,1
\log,\,1
\SendCommandToServer(ServerComActionOld.ActionType.ExecuteSuite,\,1
e.ProgressPercentage;,1
overflow,1
\Details[5],\,1
cache,1
Raise,1
\logger.Log(LogLevel.Warn,\,1
100;,1
\AutoApp.Logger.WritePassLog(string.Format("\Variable\,1
\"\Replace"\)\,1
\Error,\,1
ExecutionExpander.IsExpanded,1
Handling,1
InternalVariables.Keys),1
sb,1
(zero,1
-1;//reseting,1
Steps,1
reader.Dispose();,1
Rs232ActionType.ClearData:,1
//3,1
\AutoApp.Logger.WriteFailLog("\Driver\,1
viewModel,1
..it's,1
procStartInfo.CreateNoWindow,1
_resetLog,1
Details.Add(_actionData.Port);,1
\AutoApp.Logger.WriteInfoLog(string.Format("\##teamcity[testSuiteStarted\,1
tmpEntityName,1
Thread.Sleep(1000);,1
(depands,1
sec,1
1000,1
listener,1
\LoggerMessage(LogLevel.Info,System.DateTime.Now\,1
\Worker"\);\,1
InternalVariables,1
\"\.txt"\;\,1
\_soureString.Replace("\\r"\,\,1
\Disconnected"\);\,1
Scripts,1
\logger.Log(LogLevel.Error,\,1
\AutoApp.Logger.WriteInfoLog("\Executing\,1
Processing,1
\writer.WriteProcessingInstruction("\xml"\,\,1
\"\mkdir\,1
option,1
SerachUserControl.xaml,1
requires,1
testDataGrid.SelectedItems.Count;,1
\startString.Length,\,1
\ServerComAction(type,\,1
Title,1
executed,1
\"\\\Tests"\;\,1
Count,1
ssh.Dispose();,1
\},\,1
implement,1
specifed,1
\1000,\,1
RemoveObject(),1
HTML,1
\"\/c\,1
\"\put\,1
string</returns>,1
abstract,1
Singleton.Instance<SavedData>().GetVariableData(_sec);,1
TestEntity;,1
!!!!!!!!!important,1
haven't,1
progress,1
proc.StandardOutput.ReadToEnd();,1
second,1
ssh.Write(command);,1
logger,1
possible,1
Zero,1
(when,1
resource.</param>,1
\"\);\,1
character,1
query,1
\]"\,tse.Name));\,1
myString,1
-=,1
\AutoApp.Logger.WriteInfoLog(string.Format("\##teamcity[testFinished\,1
validate,1
TestEntity,1
(!fileinfo.Exists),1
dgStepEntities.SelectedItems.Count;,1
Singleton.Instance<ActionHandler>().savedData.LableList.Clear();,1
breakpoints),1
Details.Add(_actionData.Params);,1
GetLastRow,1
WriteWarningLog(string,1
wise,1
GetSerialObject().ClearData();,1
Convert.ToBoolean(Details[6));,1
\(variable.Contains("\}"\)))\,1
!aaMLddddd(cr),1
_ReadBuffer.Elapsed,1
run-,1
\"\##teamcity[testFailed\,1
stream</param>,1
\endString,\,1
ssh.ReadResponse();,1
Action<object>,1
(GetSerialObject()),1
command.ToString();,1
_startCaptureFlag,1
Generate,1
ToolboxExpander.IsExpanded,1
config,1
retrieve.</typeparam>,1
TAGS,1
\Incidentally,\,1
StringBuilder,1
Variable:,1
2000,1
ActionType.Exist),1
scriptName,1
AsyncCallback,1
equal,1
//On,1
dead,1
deletes,1
Details.Count>2?Details[2]:string.Empty,1
ExtructValueFromRow(string,1
contains),1
\AutoApp.Logger.WriteFailLog(string.Format("\Script\,1
\=Path.Combine(StaticFields.LOG_PATH,\,1
logfile,1
Relative,1
\(sRecieved.IndexOf("\[6n"\)\,1
tables,1
pattern,1
Singleton.Instance<ActionHandler>().Flowhandler.LableIndex));,1
CSS,1
msg);,1
found</returns>,1
T's,1
IAC,1
SendCommandToServer(ServerComActionOld.ActionType,1
\string.Format("\Remote\,1
waits,1
Connects,1
targetVarCmb.Text,1
updated,1
unpermanent,1
(opposite,1
\"\WONT"\,\,1
connected),1
varName,1
EventHandler,1
constuctor,1
sw.Flush();,1
_recivedDate.RemoveAt(0);,1
_conn.AsyncReceive(this);,1
buffer,1
Sleep(),1
Acceleration,1
[{0}],1
\encoding='UTF-8'"\);\,1
FROM,1
(parameter,1
either,1
Serial,1
SendCommand(string,1
security,1
AboutWin.xaml,1
